{
  "top_n": 50,
  "days": 115,
  "avg_5d_return": 0.012398113027118709,
  "median_5d_return": 0.012202193145853477,
  "positive_day_rate": 0.6608695652173913,
  "avg_hit_rate": 0.4852173913043478
}